h,winner_test,MAE_log,RMSE_log,MAPE_log,snaive_RMSE_log,ets_RMSE_log,arima_RMSE_log,arimax_RMSE_log
1,arima,0.009719100553355306,0.010778455178059865,0.11976052085676211,0.017668477917512602,,0.010778455178059865,
3,arima,0.01625034961970447,0.019891478070750347,0.2002565191995861,0.023272053959788378,,0.019891478070750347,
6,arima,0.020351467143822077,0.02550137997040328,0.2509130353793034,0.03277307221767001,,0.02550137997040328,
12,snaive,0.021214181327143294,0.0278409163661717,0.2615488324566215,0.0278409163661717,,,0.0740237412823196
